"","BLOWING SAND, SOIL, DIRT","BLOWING SNOW","CLEAR","CLOUDY","FOGGY","OTHER","RAINING","SEVERE WINDS","SLEET","SNOW","UNKNOWN","WINTRY MIX"
"NO APPARENT INJURY",66.6666666666667,80,82.1582559057509,80.6236080178174,81.09375,81.8181818181818,81.1394406561913,82.4675324675325,83.0985915492958,84.0782122905028,96.1764705882353,81.701030927835
"POSSIBLE INJURY",20,9.56521739130435,9.99488153796771,11.4171843863556,10.3125,9.91735537190083,10.6729914023125,10.3896103896104,8.92018779342723,8.24022346368715,1.91176470588235,8.50515463917526
"SUSPECTED MINOR INJURY",13.3333333333333,9.56521739130435,6.89430809671291,6.91009260344626,7.5,7.98898071625344,7.48097638106532,7.14285714285714,6.57276995305164,7.33240223463687,1.61764705882353,8.24742268041237
"SUSPECTED SERIOUS INJURY",0,0.869565217391304,0.849317682985018,0.972922283436877,0.9375,0.275482093663912,0.66706196264453,0,1.40845070422535,0.349162011173184,0.294117647058824,1.28865979381443
"FATAL INJURY",0,0,0.10323677658347,0.0761927089438518,0.15625,0,0.0395295977863425,0,0,0,0,0.257731958762887
